business_id,name,address,city,state,postal_code,latitude,longitude,stars,review_count,is_open,attributes,categories,hours
GZDkhotwnmGlpYUKxAwobw,Bullard Seafood and Grill,7025 Bullard Ave,New Orleans,LA,70128,30.048176,-89.9622058,3.5,41,1,"{'OutdoorSeating': 'False', 'NoiseLevel': ""u'loud'"", 'RestaurantsPriceRange2': '1', 'Alcohol': ""'none'"", 'GoodForKids': 'True', 'WiFi': ""u'free'"", 'RestaurantsTableService': 'False', 'BusinessAcceptsCreditCards': 'True', 'RestaurantsDelivery': 'True', 'Caters': 'True', 'RestaurantsAttire': ""'casual'"", 'BikeParking': 'False', 'Ambience': ""{u'divey': False, u'hipster': False, u'casual': True, u'touristy': False, u'trendy': None, u'intimate': False, u'romantic': False, u'classy': False, u'upscale': False}"", 'RestaurantsTakeOut': 'True', 'ByAppointmentOnly': 'False', 'HasTV': 'True', 'RestaurantsReservations': 'False', 'BusinessParking': ""{'garage': False, 'street': False, 'validated': False, 'lot': True, 'valet': False}"", 'WheelchairAccessible': 'True', 'HappyHour': 'False', 'GoodForMeal': ""{'dessert': None, 'latenight': None, 'lunch': True, 'dinner': None, 'brunch': None, 'breakfast': None}"", 'RestaurantsGoodForGroups': 'True'}","Restaurants, Cafeteria, Seafood, Comfort Food, Cajun/Creole, Chinese, Barbers, American (New), Beauty & Spas, Southern","{'Monday': '10:0-21:0', 'Tuesday': '10:0-21:0', 'Wednesday': '10:0-21:0', 'Thursday': '10:0-21:0', 'Friday': '10:0-21:0', 'Saturday': '10:0-21:0', 'Sunday': '10:30-21:0'}"
wohNm4WmjcUIvTT3J2R58A,Panda Cafe,365 Canal St,New Orleans,LA,70130,29.951306,-90.0654788,3.0,7,1,"{'RestaurantsReservations': 'False', 'RestaurantsDelivery': 'False', 'BusinessAcceptsCreditCards': 'True', 'RestaurantsPriceRange2': '1', 'RestaurantsGoodForGroups': 'False', 'RestaurantsTakeOut': 'False', 'GoodForKids': 'False'}","Chinese, Restaurants",
sGbjViru0iJfxH5cBpMeHQ,August Moon Chinese Restaurant,3635 Prytania St,New Orleans,LA,70115,29.9260216,-90.0943309,3.0,83,1,"{'Caters': 'True', 'RestaurantsAttire': ""u'casual'"", 'WiFi': ""'no'"", 'GoodForKids': 'True', 'RestaurantsReservations': 'False', 'BikeParking': 'True', 'BusinessAcceptsCreditCards': 'True', 'RestaurantsPriceRange2': '2', 'HasTV': 'True', 'Alcohol': ""u'full_bar'"", 'RestaurantsGoodForGroups': 'True', 'RestaurantsTakeOut': 'True', 'Ambience': ""{'romantic': False, 'intimate': False, 'touristy': False, 'hipster': False, 'divey': False, 'classy': False, 'trendy': False, 'upscale': False, 'casual': True}"", 'RestaurantsDelivery': 'True', 'GoodForMeal': ""{'dessert': False, 'latenight': False, 'lunch': True, 'dinner': True, 'brunch': False, 'breakfast': False}"", 'NoiseLevel': ""u'quiet'"", 'BusinessParking': ""{'garage': False, 'street': True, 'validated': False, 'lot': False, 'valet': False}"", 'OutdoorSeating': 'False'}","Vietnamese, Thai, Chinese, Restaurants","{'Monday': '11:0-22:0', 'Tuesday': '11:0-22:0', 'Wednesday': '11:0-22:0', 'Thursday': '11:0-22:0', 'Friday': '11:0-22:0', 'Saturday': '17:0-22:0'}"
4DTGsmjExLNCOZlXuqXL2g,Boiling Pot,"3868 Gentilly Blvd, Ste A",New Orleans,LA,70122,30.0025209516,-90.0460839396,4.0,22,1,"{'Caters': 'True', 'RestaurantsTableService': 'False', 'WiFi': ""u'no'"", 'RestaurantsAttire': ""u'casual'"", 'GoodForMeal': ""{'dessert': False, 'latenight': False, 'lunch': False, 'dinner': False, 'brunch': False, 'breakfast': False}"", 'GoodForKids': 'True', 'Alcohol': ""u'none'"", 'RestaurantsDelivery': 'False', 'DogsAllowed': 'False', 'BusinessAcceptsBitcoin': 'False', 'RestaurantsGoodForGroups': 'True', 'BusinessAcceptsCreditCards': 'True', 'Ambience': ""{'touristy': None, 'hipster': None, 'romantic': False, 'divey': None, 'intimate': False, 'trendy': False, 'upscale': False, 'classy': False, 'casual': None}"", 'OutdoorSeating': 'False', 'NoiseLevel': ""u'quiet'"", 'HasTV': 'True', 'WheelchairAccessible': 'True', 'BusinessParking': ""{'garage': False, 'street': False, 'validated': False, 'lot': True, 'valet': False}"", 'BikeParking': 'False', 'RestaurantsReservations': 'False', 'RestaurantsPriceRange2': '2', 'RestaurantsTakeOut': 'True'}","Seafood, Cajun/Creole, Restaurants, Chicken Wings, Chinese","{'Monday': '10:30-20:0', 'Tuesday': '10:30-20:0', 'Wednesday': '10:30-20:0', 'Thursday': '10:30-20:0', 'Friday': '10:30-20:0', 'Saturday': '11:0-18:0'}"
vng5PxNaiq3aoNn4HNNxEw,Pei Wei,301 N. Carrollton Ave.,New Orleans,LA,70119,29.9769533,-90.0992934,2.0,26,0,"{'RestaurantsTakeOut': 'True', 'RestaurantsGoodForGroups': 'True', 'BusinessAcceptsCreditCards': 'True', 'GoodForKids': 'True', 'RestaurantsReservations': 'False', 'RestaurantsDelivery': 'False', 'Ambience': ""{'romantic': False, 'intimate': False, 'classy': False, 'hipster': False, 'divey': False, 'touristy': False, 'trendy': False, 'upscale': False, 'casual': True}"", 'NoiseLevel': ""'average'"", 'OutdoorSeating': 'True', 'Alcohol': ""'none'"", 'BikeParking': 'True', 'RestaurantsAttire': ""'casual'"", 'BusinessParking': ""{'garage': False, 'street': False, 'validated': False, 'lot': False, 'valet': False}"", 'HasTV': 'False', 'RestaurantsPriceRange2': '2', 'WiFi': ""'no'""}","Chinese, Fast Food, Restaurants, Gluten-Free, Asian Fusion","{'Monday': '10:30-21:0', 'Tuesday': '10:30-21:0', 'Wednesday': '10:30-21:0', 'Thursday': '10:30-21:0', 'Friday': '10:30-22:0', 'Saturday': '10:30-22:0', 'Sunday': '10:30-21:0'}"
IZ6vx85mSdC2zp0STFzTIw,LUVI Restaurant,5236 Tchoupitoulas St,New Orleans,LA,70115,29.9163156,-90.1121792,4.5,161,1,"{'BikeParking': 'True', 'RestaurantsTakeOut': 'True', 'RestaurantsAttire': ""'casual'"", 'Alcohol': ""u'full_bar'"", 'BusinessAcceptsCreditCards': 'True', 'RestaurantsGoodForGroups': 'True', 'BusinessParking': ""{'garage': False, 'street': True, 'validated': False, 'lot': False, 'valet': False}"", 'RestaurantsReservations': 'True', 'RestaurantsTableService': 'True', 'WiFi': ""u'free'"", 'RestaurantsDelivery': 'True', 'HappyHour': 'False', 'GoodForMeal': ""{'dessert': False, 'latenight': False, 'lunch': False, 'dinner': False, 'brunch': False, 'breakfast': False}"", 'OutdoorSeating': 'True', 'Caters': 'True', 'HasTV': 'False', 'Ambience': ""{u'divey': False, u'hipster': True, u'casual': True, u'touristy': False, u'trendy': True, u'intimate': True, u'romantic': True, u'classy': None, u'upscale': None}"", 'GoodForKids': 'True', 'Corkage': 'True', 'BYOB': 'True', 'WheelchairAccessible': 'True', 'RestaurantsPriceRange2': '2'}","Asian Fusion, Restaurants, Chinese, Japanese, Shanghainese, Pan Asian, Noodles","{'Monday': '0:0-0:0', 'Tuesday': '17:0-21:0', 'Wednesday': '17:0-21:0', 'Thursday': '17:0-21:0', 'Friday': '17:0-22:0', 'Saturday': '17:0-22:0'}"
nJsNoDkZGLoHt6ioW4xUug,T & T Seafood,548 Jackson Ave,New Orleans,LA,70130,29.9253841336,-90.0734235608,4.0,18,1,"{'RestaurantsPriceRange2': '1', 'OutdoorSeating': 'False', 'GoodForKids': 'True', 'RestaurantsTakeOut': 'True', 'RestaurantsAttire': ""u'casual'"", 'BusinessAcceptsCreditCards': 'True', 'RestaurantsDelivery': 'False', 'RestaurantsGoodForGroups': 'True', 'BusinessParking': ""{'garage': False, 'street': False, 'validated': False, 'lot': False, 'valet': False}"", 'BikeParking': 'False', 'HasTV': 'True', 'Ambience': ""{'romantic': False, 'intimate': False, 'classy': False, 'hipster': False, 'divey': False, 'touristy': False, 'trendy': False, 'upscale': False, 'casual': False}"", 'GoodForMeal': ""{'dessert': False, 'latenight': False, 'lunch': False, 'dinner': False, 'brunch': False, 'breakfast': False}"", 'WiFi': ""u'no'"", 'NoiseLevel': ""u'quiet'"", 'RestaurantsTableService': 'True'}","Chinese, Cajun/Creole, Restaurants, Seafood","{'Monday': '10:0-20:0', 'Tuesday': '9:0-20:0', 'Wednesday': '10:0-20:0', 'Thursday': '10:0-20:0', 'Friday': '10:0-20:0', 'Saturday': '10:0-20:0', 'Sunday': '12:0-20:0'}"
PC62l488ujL8i75jrBiOlg,Blue Giant,1300 Magazine St,New Orleans,LA,70130,29.938219,-90.071297,4.0,182,1,"{'RestaurantsTableService': 'True', 'Corkage': 'True', 'BusinessAcceptsCreditCards': 'True', 'BikeParking': 'True', 'BYOB': 'False', 'NoiseLevel': ""u'average'"", 'RestaurantsDelivery': 'None', 'Alcohol': ""u'full_bar'"", 'RestaurantsPriceRange2': '2', 'WheelchairAccessible': 'True', 'RestaurantsReservations': 'False', 'RestaurantsTakeOut': 'None', 'BusinessParking': ""{u'valet': False, u'garage': False, u'street': True, u'lot': None, u'validated': False}"", 'HasTV': 'False', 'GoodForMeal': ""{u'breakfast': None, u'brunch': None, u'lunch': True, u'dinner': True, u'latenight': None, u'dessert': False}"", 'DogsAllowed': 'False', 'OutdoorSeating': 'True', 'Ambience': ""{u'divey': False, u'hipster': None, u'casual': True, u'touristy': False, u'trendy': True, u'intimate': None, u'romantic': None, u'classy': None, u'upscale': None}""}","Desserts, Food, Noodles, Chicken Shop, Chinese, Restaurants","{'Monday': '17:30-22:0', 'Wednesday': '17:30-22:0', 'Thursday': '17:30-22:0', 'Friday': '17:30-22:0', 'Saturday': '17:30-22:0', 'Sunday': '17:30-22:0'}"
nJxeH1phWTAXVltSb5bcbg,China Wall,3700 S Claiborne Ave,New Orleans,LA,70125,29.940341034,-90.0986057147,3.0,60,1,"{'Alcohol': ""u'none'"", 'BusinessAcceptsBitcoin': 'False', 'NoiseLevel': ""'very_loud'"", 'RestaurantsTableService': 'False', 'BikeParking': 'True', 'HasTV': 'False', 'RestaurantsTakeOut': 'True', 'RestaurantsDelivery': 'True', 'RestaurantsReservations': 'False', 'Ambience': ""{'touristy': False, 'hipster': False, 'romantic': False, 'divey': False, 'intimate': False, 'trendy': False, 'upscale': False, 'classy': False, 'casual': False}"", 'BusinessParking': ""{'garage': False, 'street': True, 'validated': False, 'lot': True, 'valet': False}"", 'RestaurantsGoodForGroups': 'True', 'BusinessAcceptsCreditCards': 'True', 'Caters': 'True', 'OutdoorSeating': 'False', 'RestaurantsAttire': ""u'casual'"", 'WiFi': ""u'no'"", 'GoodForKids': 'True', 'GoodForMeal': ""{'dessert': False, 'latenight': False, 'lunch': False, 'dinner': False, 'brunch': False, 'breakfast': False}"", 'RestaurantsPriceRange2': '1', 'WheelchairAccessible': 'True'}","Restaurants, Seafood, Soup, Chinese","{'Monday': '10:30-22:30', 'Tuesday': '10:30-22:30', 'Wednesday': '10:30-22:30', 'Thursday': '10:30-22:30', 'Friday': '10:30-23:0', 'Saturday': '10:30-23:0', 'Sunday': '11:0-22:30'}"
znmW7djuEJjlMI0hw-utEw,Red Star Chinese Restaurant,8330 Earhart Blvd,New Orleans,LA,70118,29.9624302,-90.1178508,2.5,97,1,"{'RestaurantsDelivery': 'True', 'RestaurantsGoodForGroups': 'True', 'GoodForKids': 'True', 'RestaurantsReservations': 'False', 'RestaurantsPriceRange2': '1', 'RestaurantsAttire': ""'casual'"", 'RestaurantsTakeOut': 'True', 'BusinessAcceptsCreditCards': 'True', 'NoiseLevel': ""u'quiet'"", 'BusinessParking': ""{'garage': False, 'street': False, 'validated': False, 'lot': True, 'valet': False}"", 'Alcohol': ""u'none'"", 'HasTV': 'True', 'Caters': 'True', 'BikeParking': 'True', 'GoodForMeal': ""{'dessert': False, 'latenight': False, 'lunch': False, 'dinner': True, 'brunch': False, 'breakfast': False}"", 'OutdoorSeating': 'False', 'WiFi': ""'no'"", 'Ambience': ""{'touristy': False, 'hipster': False, 'romantic': False, 'divey': False, 'intimate': False, 'trendy': False, 'upscale': False, 'classy': False, 'casual': False}""}","Latin American, Restaurants, Vegetarian, Diners, Seafood, Szechuan, Soup, Chicken Wings, Chinese","{'Monday': '0:0-0:0', 'Wednesday': '11:0-22:30', 'Thursday': '11:0-22:30', 'Friday': '11:0-23:0', 'Saturday': '12:0-23:0', 'Sunday': '12:0-22:30'}"
F7X0lOg0I_1NfVDNFYPe-A,Hong Kong Kitchen,1820 Dickory Ave,New Orleans,LA,70123,29.9656279,-90.2056741,4.5,97,1,"{'GoodForKids': 'True', 'WiFi': ""u'no'"", 'RestaurantsGoodForGroups': 'False', 'BikeParking': 'False', 'BusinessAcceptsCreditCards': 'True', 'RestaurantsPriceRange2': '1', 'RestaurantsTakeOut': 'True', 'BusinessParking': ""{'garage': False, 'street': False, 'validated': False, 'lot': True, 'valet': False}"", 'NoiseLevel': ""u'quiet'"", 'Caters': 'True', 'GoodForMeal': ""{'dessert': False, 'latenight': False, 'lunch': True, 'dinner': True, 'brunch': False, 'breakfast': False}"", 'Alcohol': ""u'none'"", 'RestaurantsAttire': ""u'casual'"", 'OutdoorSeating': 'None', 'Ambience': ""{u'divey': False, u'hipster': False, u'casual': True, u'touristy': False, u'trendy': False, u'intimate': None, u'romantic': False, u'classy': False, u'upscale': False}"", 'RestaurantsDelivery': 'True', 'HasTV': 'False', 'RestaurantsReservations': 'False'}","Restaurants, Chinese","{'Tuesday': '11:0-21:0', 'Wednesday': '11:0-21:0', 'Thursday': '11:0-21:0', 'Friday': '11:0-21:0', 'Saturday': '11:0-21:0', 'Sunday': '11:30-21:0'}"
mXsfheczyGsMPsRSO_DGBw,Chinese Inn,2550 N Derbigny St,New Orleans,LA,70117,29.9748913,-90.0488266,3.5,10,1,"{'RestaurantsAttire': ""'casual'"", 'HasTV': 'True', 'RestaurantsDelivery': 'False', 'RestaurantsGoodForGroups': 'False', 'RestaurantsTakeOut': 'True', 'OutdoorSeating': 'False', 'BusinessAcceptsCreditCards': 'False', 'BikeParking': 'False', 'RestaurantsReservations': 'False', 'WiFi': ""'free'"", 'GoodForMeal': ""{'dessert': False, 'latenight': False, 'lunch': False, 'dinner': False, 'brunch': False, 'breakfast': False}"", 'GoodForKids': 'True', 'RestaurantsPriceRange2': '2', 'Ambience': ""{'romantic': False, 'intimate': False, 'classy': False, 'hipster': False, 'divey': False, 'touristy': False, 'trendy': False, 'upscale': False, 'casual': False}""}","Chinese, Restaurants",
eFtQDmNER9pRB9YdPxMMXA,Jung's Golden Dragon II,3009 Magazine St,New Orleans,LA,70115,29.9250678,-90.0850239,3.0,284,1,"{'Ambience': ""{'hipster': False, 'romantic': False, 'divey': False, 'intimate': False, 'trendy': False, 'upscale': False, 'classy': False, 'touristy': False, 'casual': True}"", 'Caters': 'True', 'BusinessParking': ""{'garage': False, 'street': True, 'validated': False, 'lot': False, 'valet': False}"", 'OutdoorSeating': 'False', 'HasTV': 'True', 'NoiseLevel': ""u'average'"", 'RestaurantsDelivery': 'True', 'RestaurantsReservations': 'False', 'RestaurantsPriceRange2': '2', 'Alcohol': ""u'full_bar'"", 'GoodForKids': 'True', 'RestaurantsTakeOut': 'True', 'BikeParking': 'True', 'RestaurantsGoodForGroups': 'True', 'WiFi': ""u'no'"", 'RestaurantsAttire': ""u'casual'"", 'GoodForMeal': ""{'dessert': False, 'latenight': False, 'lunch': True, 'dinner': True, 'brunch': False, 'breakfast': False}"", 'BusinessAcceptsCreditCards': 'True'}","Restaurants, Chinese","{'Monday': '11:0-22:0', 'Tuesday': '11:0-22:0', 'Wednesday': '11:0-22:0', 'Thursday': '11:0-22:0', 'Friday': '11:0-23:0', 'Saturday': '11:0-23:0', 'Sunday': '12:0-22:0'}"
XiC7tQANHZNtTF0a73kN3g,Square One,"701 Poydras St, Ste 122",New Orleans,LA,70139,29.9502652571,-90.0710580258,4.5,21,1,"{'RestaurantsReservations': 'True', 'WiFi': ""u'no'"", 'RestaurantsTakeOut': 'True', 'BusinessParking': ""{'garage': False, 'street': False, 'validated': False, 'lot': False, 'valet': False}"", 'HasTV': 'True', 'GoodForKids': 'False', 'RestaurantsDelivery': 'None', 'Ambience': ""{'touristy': False, 'hipster': False, 'romantic': False, 'divey': False, 'intimate': False, 'trendy': False, 'upscale': False, 'classy': False, 'casual': False}""}","Buffets, American (Traditional), Restaurants, Vietnamese, Noodles, Chinese, Asian Fusion","{'Monday': '11:0-14:0', 'Tuesday': '11:0-14:0', 'Wednesday': '11:0-14:0', 'Thursday': '11:0-14:0', 'Friday': '11:0-14:0'}"
e-fXMT8R3j7BKMTh8xn8aw,Red's Chinese,3048 St Claude Ave,New Orleans,LA,70117,29.967574301,-90.0448652142,4.0,384,1,"{'RestaurantsTableService': 'True', 'BusinessAcceptsCreditCards': 'True', 'HasTV': 'False', 'RestaurantsReservations': 'False', 'Alcohol': ""u'full_bar'"", 'BusinessAcceptsBitcoin': 'False', 'WheelchairAccessible': 'True', 'RestaurantsGoodForGroups': 'True', 'WiFi': ""u'no'"", 'RestaurantsPriceRange2': '2', 'Caters': 'True', 'BusinessParking': ""{'garage': False, 'street': True, 'validated': False, 'lot': False, 'valet': False}"", 'RestaurantsAttire': ""'casual'"", 'DogsAllowed': 'False', 'NoiseLevel': ""u'average'"", 'BikeParking': 'True', 'HappyHour': 'True', 'Ambience': ""{'touristy': False, 'hipster': True, 'romantic': False, 'divey': True, 'intimate': False, 'trendy': True, 'upscale': False, 'classy': True, 'casual': True}"", 'OutdoorSeating': 'True', 'RestaurantsTakeOut': 'True', 'GoodForKids': 'True', 'RestaurantsDelivery': 'True', 'GoodForMeal': ""{'dessert': False, 'latenight': None, 'lunch': True, 'dinner': True, 'brunch': False, 'breakfast': False}""}","Restaurants, Food, Chinese","{'Monday': '16:0-22:0', 'Thursday': '16:0-22:0', 'Friday': '16:0-22:0', 'Saturday': '16:0-22:0', 'Sunday': '16:0-22:0'}"
pRYLzQUQjXme7nCYENlp9w,Red Apple,9954 Lake Forest Blvd,New Orleans,LA,70127,30.0315813,-89.9739818,4.0,7,1,"{'OutdoorSeating': 'False', 'RestaurantsGoodForGroups': 'True', 'BusinessParking': ""{'garage': False, 'street': False, 'validated': False, 'lot': True, 'valet': False}"", 'RestaurantsReservations': 'False', 'WiFi': ""u'no'"", 'GoodForMeal': ""{'dessert': False, 'latenight': False, 'lunch': False, 'dinner': False, 'brunch': False, 'breakfast': False}"", 'RestaurantsTakeOut': 'True', 'WheelchairAccessible': 'True', 'GoodForKids': 'True', 'BusinessAcceptsCreditCards': 'True', 'RestaurantsPriceRange2': '1', 'RestaurantsDelivery': 'False'}","Restaurants, Chinese","{'Monday': '11:0-22:0', 'Tuesday': '11:0-22:0', 'Wednesday': '11:0-22:0', 'Thursday': '11:0-22:0', 'Friday': '11:0-22:30', 'Saturday': '11:0-22:30', 'Sunday': '12:0-22:0'}"
xv_U__GI9gmzKIHT_TANnw,Hoshun Restaurant,1601 Saint Charles Ave,New Orleans,LA,70130,29.9384803,-90.0765382,3.5,403,1,"{'RestaurantsTakeOut': 'True', 'RestaurantsGoodForGroups': 'True', 'BusinessAcceptsCreditCards': 'True', 'BikeParking': 'True', 'Caters': 'True', 'Alcohol': ""u'full_bar'"", 'RestaurantsPriceRange2': '2', 'RestaurantsAttire': ""u'casual'"", 'GoodForKids': 'True', 'OutdoorSeating': 'False', 'WiFi': ""'free'"", 'NoiseLevel': ""u'average'"", 'HasTV': 'True', 'RestaurantsDelivery': 'True', 'RestaurantsReservations': 'True', 'BusinessParking': ""{'garage': False, 'street': True, 'validated': False, 'lot': True, 'valet': False}"", 'HappyHour': 'True', 'RestaurantsTableService': 'True', 'GoodForMeal': ""{'dessert': False, 'latenight': True, 'lunch': True, 'dinner': True, 'brunch': False, 'breakfast': False}"", 'DogsAllowed': 'False', 'Ambience': ""{'touristy': False, 'hipster': False, 'romantic': False, 'divey': False, 'intimate': False, 'trendy': False, 'upscale': False, 'classy': True, 'casual': True}""}","Chinese, Japanese, Asian Fusion, Sushi Bars, Restaurants","{'Monday': '16:0-2:0', 'Tuesday': '16:0-2:0', 'Wednesday': '16:0-2:0', 'Thursday': '16:0-2:0', 'Friday': '16:0-2:0', 'Saturday': '16:0-2:0', 'Sunday': '15:0-1:0'}"
Fj16uG6BNZOq5K8mS2HHiQ,Ming's,7224 Pontchartrain Blvd,New Orleans,LA,70124,30.020637,-90.114916,4.0,192,1,"{'BusinessAcceptsBitcoin': 'False', 'Caters': 'False', 'GoodForMeal': ""{'dessert': False, 'latenight': False, 'lunch': True, 'dinner': True, 'brunch': False, 'breakfast': False}"", 'RestaurantsReservations': 'False', 'WheelchairAccessible': 'True', 'DogsAllowed': 'False', 'RestaurantsTakeOut': 'True', 'RestaurantsTableService': 'True', 'RestaurantsGoodForGroups': 'True', 'RestaurantsPriceRange2': '2', 'WiFi': ""'free'"", 'OutdoorSeating': 'True', 'BusinessParking': ""{'garage': False, 'street': False, 'validated': False, 'lot': True, 'valet': False}"", 'NoiseLevel': ""'average'"", 'BusinessAcceptsCreditCards': 'True', 'RestaurantsAttire': ""u'casual'"", 'HasTV': 'True', 'HappyHour': 'True', 'GoodForKids': 'True', 'RestaurantsDelivery': 'False', 'Ambience': ""{'touristy': False, 'hipster': False, 'romantic': False, 'divey': False, 'intimate': False, 'trendy': None, 'upscale': False, 'classy': False, 'casual': True}"", 'BikeParking': 'True', 'Alcohol': ""u'full_bar'""}","Restaurants, Chinese","{'Wednesday': '16:30-20:0', 'Thursday': '16:30-20:0', 'Friday': '16:30-20:0', 'Saturday': '16:30-20:0'}"
GUgIOkipkxvabF5jQCctVQ,Five Happiness Chinese Restaurant,3605 S Carrollton Ave,New Orleans,LA,70118,29.964386,-90.110862,3.0,319,1,"{'RestaurantsTakeOut': 'True', 'RestaurantsPriceRange2': '2', 'RestaurantsReservations': 'True', 'OutdoorSeating': 'False', 'BikeParking': 'True', 'Alcohol': ""u'full_bar'"", 'RestaurantsGoodForGroups': 'True', 'BusinessParking': ""{'garage': False, 'street': False, 'validated': False, 'lot': True, 'valet': False}"", 'RestaurantsAttire': ""u'casual'"", 'BusinessAcceptsCreditCards': 'True', 'RestaurantsDelivery': 'True', 'GoodForKids': 'True', 'Caters': 'True', 'Ambience': ""{'touristy': False, 'hipster': False, 'romantic': False, 'divey': False, 'intimate': False, 'trendy': False, 'upscale': False, 'classy': True, 'casual': True}"", 'NoiseLevel': ""u'average'"", 'DogsAllowed': 'False', 'HasTV': 'False', 'WiFi': ""u'free'"", 'GoodForMeal': ""{'dessert': False, 'latenight': False, 'lunch': True, 'dinner': True, 'brunch': False, 'breakfast': False}""}","Chinese, Restaurants","{'Monday': '11:0-22:0', 'Tuesday': '11:0-22:0', 'Wednesday': '11:0-22:0', 'Thursday': '11:0-22:0', 'Friday': '11:0-23:0', 'Saturday': '11:0-23:0', 'Sunday': '11:0-22:0'}"
Po3aZ9CLemP2E9PeovySPQ,Papa Kitchen,1900 N Claiborne Ave,New Orleans,LA,70116,29.9728949543,-90.0605897224,4.0,10,0,"{'RestaurantsDelivery': 'True', 'RestaurantsReservations': 'False'}","Soul Food, Vietnamese, Restaurants, Chinese","{'Tuesday': '10:30-21:0', 'Wednesday': '10:30-21:0', 'Thursday': '10:30-21:0', 'Friday': '10:30-22:0', 'Saturday': '10:30-22:0', 'Sunday': '12:0-20:0'}"
wlRUC49YirsCBdv7wa3cmg,Min Moon,4800 Chef Menteur Hwy,New Orleans,LA,70126,30.0055722,-90.0328719,3.5,13,0,"{'Alcohol': ""u'none'"", 'WiFi': ""u'no'"", 'NoiseLevel': ""'quiet'"", 'Ambience': ""{'touristy': False, 'hipster': False, 'romantic': False, 'divey': False, 'intimate': False, 'trendy': False, 'upscale': False, 'classy': False, 'casual': True}"", 'BusinessAcceptsCreditCards': 'True', 'RestaurantsReservations': 'False', 'HasTV': 'False', 'RestaurantsDelivery': 'True', 'RestaurantsTakeOut': 'True', 'BusinessParking': ""{'garage': False, 'street': False, 'validated': False, 'lot': False, 'valet': False}"", 'RestaurantsAttire': ""'casual'"", 'BikeParking': 'True', 'RestaurantsGoodForGroups': 'True', 'OutdoorSeating': 'False', 'GoodForKids': 'True', 'RestaurantsPriceRange2': '1'}","Chinese, Restaurants",
Be98zvL0WXe21b2FIVuwjQ,Charlie's Chinese Cuisine,7136 Downman Rd,New Orleans,LA,70126,30.0242195953,-90.0240406549,3.5,7,1,{'RestaurantsDelivery': 'True'},"Restaurants, Chinese","{'Monday': '11:0-19:0', 'Tuesday': '11:0-19:0', 'Wednesday': '11:0-19:0', 'Thursday': '11:0-19:0', 'Friday': '11:0-19:0', 'Saturday': '12:0-19:0', 'Sunday': '12:0-19:0'}"
GIXRcLiCLGLP2fdCtz9zcA,Jade Buddha Chinese Restaurant,4433 Jefferson Hwy,New Orleans,LA,70121,29.9592377,-90.1731159,3.0,29,1,"{'Ambience': ""{'touristy': False, 'hipster': False, 'romantic': False, 'divey': False, 'intimate': False, 'trendy': False, 'upscale': False, 'classy': False, 'casual': False}"", 'WiFi': ""u'no'"", 'BikeParking': 'False', 'Alcohol': ""u'none'"", 'RestaurantsReservations': 'False', 'OutdoorSeating': 'False', 'Caters': 'True', 'RestaurantsPriceRange2': '1', 'RestaurantsGoodForGroups': 'False', 'NoiseLevel': ""u'average'"", 'RestaurantsTakeOut': 'True', 'GoodForKids': 'True', 'HasTV': 'True', 'BusinessParking': ""{'garage': False, 'street': False, 'validated': False, 'lot': False, 'valet': False}"", 'RestaurantsAttire': ""u'casual'"", 'BusinessAcceptsCreditCards': 'True', 'GoodForMeal': ""{'dessert': False, 'latenight': False, 'lunch': True, 'dinner': False, 'brunch': False, 'breakfast': False}"", 'RestaurantsDelivery': 'True'}","Restaurants, Chinese",
bofSsh8KDjsMaXFhTJ2SkQ,Electric Eggroll,,New Orleans,LA,70130,29.9335594,-90.0700051,3.5,6,0,"{'BusinessAcceptsCreditCards': 'True', 'GoodForMeal': ""{'dessert': False, 'latenight': False, 'lunch': False, 'dinner': False, 'brunch': False, 'breakfast': False}"", 'RestaurantsPriceRange2': '1', 'RestaurantsTakeOut': 'False'}","Chinese, Food Trucks, Restaurants, Caterers, Food, Event Planning & Services, Dim Sum, Barbeque","{'Tuesday': '11:0-14:0', 'Wednesday': '17:0-22:0', 'Thursday': '11:0-14:0', 'Friday': '11:0-14:0'}"
s_uuOfUsRMr8jxr1ofsE-Q,Ming Garden,1151 N Broad Ave,New Orleans,LA,70119,29.974952,-90.0796956,3.5,50,1,"{'NoiseLevel': ""u'quiet'"", 'BusinessAcceptsCreditCards': 'True', 'RestaurantsPriceRange2': '1', 'WiFi': ""'no'"", 'RestaurantsTakeOut': 'True', 'RestaurantsAttire': ""u'casual'"", 'GoodForKids': 'True', 'Alcohol': ""u'none'"", 'HappyHour': 'True', 'OutdoorSeating': 'False', 'HasTV': 'True', 'GoodForMeal': ""{'dessert': False, 'latenight': False, 'lunch': True, 'dinner': False, 'brunch': False, 'breakfast': False}"", 'WheelchairAccessible': 'True', 'BYOB': 'True', 'BikeParking': 'True', 'Ambience': ""{'touristy': False, 'hipster': False, 'romantic': False, 'divey': False, 'intimate': False, 'trendy': False, 'upscale': False, 'classy': False, 'casual': True}"", 'RestaurantsDelivery': 'True', 'RestaurantsGoodForGroups': 'True', 'Corkage': 'False', 'Caters': 'True', 'BusinessParking': ""{'garage': True, 'street': True, 'validated': False, 'lot': True, 'valet': False}"", 'RestaurantsTableService': 'True', 'RestaurantsReservations': 'True', 'DogsAllowed': 'True'}","Restaurants, Chinese, Food, Fast Food, Specialty Food, Ethnic Food, Asian Fusion, Imported Food, Seafood","{'Monday': '10:30-22:0', 'Tuesday': '10:30-22:0', 'Wednesday': '10:30-22:0', 'Thursday': '10:30-22:0', 'Friday': '10:30-22:0', 'Saturday': '10:30-22:0', 'Sunday': '11:0-22:0'}"
T7ihbv_VIy2aa4UwEr7orw,Peking House,"5741 Crowder Blvd, Ste B1",New Orleans,LA,70127,30.028214,-89.991657,3.5,14,1,"{'WiFi': ""u'no'"", 'RestaurantsGoodForGroups': 'True', 'HasTV': 'True', 'RestaurantsReservations': 'False', 'OutdoorSeating': 'False', 'Alcohol': ""u'none'"", 'RestaurantsPriceRange2': '1', 'BusinessAcceptsCreditCards': 'True', 'NoiseLevel': ""u'average'"", 'Ambience': ""{'romantic': False, 'intimate': False, 'touristy': False, 'hipster': False, 'divey': False, 'classy': False, 'trendy': False, 'upscale': False, 'casual': False}"", 'BikeParking': 'False', 'GoodForMeal': ""{'dessert': False, 'latenight': False, 'lunch': False, 'dinner': False, 'brunch': False, 'breakfast': False}"", 'RestaurantsTakeOut': 'True', 'BusinessParking': ""{'garage': False, 'street': False, 'validated': False, 'lot': False, 'valet': False}"", 'GoodForKids': 'True', 'RestaurantsDelivery': 'True', 'RestaurantsAttire': ""u'casual'""}","Restaurants, Chinese","{'Monday': '11:0-22:0', 'Tuesday': '11:0-22:0', 'Wednesday': '11:0-22:0', 'Thursday': '11:0-22:0', 'Friday': '11:0-23:0', 'Saturday': '11:0-23:0', 'Sunday': '12:0-22:0'}"
5KzQpZJOtT81nvDT9s1UbQ,China House,3600 MacArthur Blvd,New Orleans,LA,70114,29.9252799977,-90.0195303857,2.5,14,1,"{'RestaurantsTakeOut': 'True', 'RestaurantsPriceRange2': '2', 'RestaurantsGoodForGroups': 'True', 'NoiseLevel': ""u'quiet'"", 'BusinessAcceptsCreditCards': 'True', 'OutdoorSeating': 'False', 'RestaurantsAttire': ""u'casual'"", 'HasTV': 'True', 'Ambience': ""{'romantic': False, 'intimate': False, 'touristy': False, 'hipster': False, 'divey': False, 'classy': False, 'trendy': False, 'upscale': False, 'casual': False}"", 'BusinessParking': ""{'garage': False, 'street': False, 'validated': False, 'lot': False, 'valet': False}"", 'RestaurantsReservations': 'False', 'GoodForKids': 'True', 'RestaurantsDelivery': 'True'}","Seafood, Soup, Restaurants, Chinese",
IGna30iAQJa6RMbsv-9tWg,Dong Phuong,14207 Chef Menteur Hwy,New Orleans,LA,70129,30.0357777,-89.9149015,4.5,402,1,"{'RestaurantsAttire': ""u'casual'"", 'RestaurantsPriceRange2': '1', 'RestaurantsReservations': 'False', 'Alcohol': ""u'none'"", 'BusinessAcceptsCreditCards': 'True', 'BusinessParking': ""{'garage': False, 'street': False, 'validated': False, 'lot': True, 'valet': False}"", 'GoodForKids': 'True', 'NoiseLevel': ""u'average'"", 'WiFi': ""u'no'"", 'Caters': 'True', 'RestaurantsGoodForGroups': 'True', 'RestaurantsTakeOut': 'True', 'RestaurantsTableService': 'True', 'DogsAllowed': 'False', 'HasTV': 'True', 'RestaurantsDelivery': 'True', 'BikeParking': 'False', 'WheelchairAccessible': 'True', 'OutdoorSeating': 'None', 'HappyHour': 'False', 'Ambience': ""{u'divey': None, u'hipster': False, u'casual': True, u'touristy': False, u'trendy': False, u'intimate': False, u'romantic': False, u'classy': False, u'upscale': False}"", 'ByAppointmentOnly': 'False', 'GoodForMeal': ""{u'breakfast': None, u'brunch': None, u'lunch': True, u'dinner': None, u'latenight': False, u'dessert': False}""}","Restaurants, Breakfast & Brunch, Vietnamese, Food, Chinese, Bakeries","{'Monday': '0:0-0:0', 'Wednesday': '8:0-17:0', 'Thursday': '8:0-17:0', 'Friday': '8:0-17:0', 'Saturday': '8:0-17:0', 'Sunday': '8:0-17:0'}"
A0fd6OPVNfgFbrTcjkZyWA,China Star II,840 Union St,New Orleans,LA,70112,29.9515452,-90.0724071,2.0,23,0,"{'Alcohol': ""u'none'"", 'Caters': 'False', 'RestaurantsGoodForGroups': 'True', 'RestaurantsReservations': 'False', 'OutdoorSeating': 'False', 'BusinessAcceptsCreditCards': 'True', 'RestaurantsPriceRange2': '1', 'RestaurantsTakeOut': 'True', 'RestaurantsDelivery': 'True', 'GoodForKids': 'True', 'RestaurantsAttire': ""u'casual'"", 'BusinessParking': ""{'garage': False, 'street': True, 'validated': False, 'lot': False, 'valet': False}"", 'HasTV': 'False'}","Restaurants, Chinese","{'Monday': '10:30-22:30', 'Tuesday': '10:30-22:30', 'Wednesday': '10:30-22:30', 'Thursday': '10:30-22:30', 'Friday': '10:30-22:30', 'Saturday': '11:0-22:30', 'Sunday': '12:0-22:30'}"
RcysifU5EkjLSuZlMfRUjQ,Great Ball Chinese,930 Canal St,New Orleans,LA,70112,29.9545817,-90.0718384,2.5,6,1,"{'RestaurantsGoodForGroups': 'True', 'RestaurantsAttire': ""u'casual'"", 'RestaurantsTakeOut': 'True', 'BusinessParking': ""{'garage': False, 'street': False, 'validated': False, 'lot': False, 'valet': False}"", 'BusinessAcceptsCreditCards': 'True', 'RestaurantsReservations': 'False', 'RestaurantsPriceRange2': '1', 'OutdoorSeating': 'False', 'GoodForKids': 'True', 'Alcohol': ""u'none'""}","Restaurants, Chinese",
5Y2lmM-e6foq2fhM4oRvtg,Grand Buffet,800 S Clearview Pkwy,New Orleans,LA,70123,29.954083,-90.181799,3.0,41,1,"{'GoodForKids': 'True', 'RestaurantsPriceRange2': '2', 'RestaurantsTakeOut': 'True', 'BusinessAcceptsCreditCards': 'True', 'RestaurantsDelivery': 'False', 'NoiseLevel': ""u'average'"", 'HasTV': 'True', 'RestaurantsReservations': 'False', 'RestaurantsAttire': ""u'casual'"", 'OutdoorSeating': 'False', 'WiFi': ""u'no'"", 'GoodForMeal': ""{'dessert': False, 'latenight': False, 'lunch': False, 'dinner': False, 'brunch': False, 'breakfast': False}"", 'Alcohol': ""u'none'"", 'RestaurantsGoodForGroups': 'True', 'HappyHour': 'False', 'Ambience': ""{'touristy': False, 'hipster': False, 'romantic': False, 'divey': False, 'intimate': False, 'trendy': None, 'upscale': False, 'classy': False, 'casual': True}"", 'BikeParking': 'True', 'BusinessParking': ""{u'valet': False, u'garage': False, u'street': None, u'lot': None, u'validated': False}""}","Mexican, Chinese, Buffets, Restaurants, Sushi Bars","{'Monday': '11:0-22:0', 'Tuesday': '11:0-22:0', 'Wednesday': '11:0-22:0', 'Thursday': '11:0-22:0', 'Friday': '11:0-22:0', 'Saturday': '11:0-21:30', 'Sunday': '11:0-21:30'}"
-QvV4HrMXMA8fJxCWJOFBA,China House,7040 Bullard Ave,New Orleans,LA,70128,30.047984,-89.963249,4.0,17,1,"{'WiFi': ""'no'"", 'Alcohol': ""'none'"", 'RestaurantsPriceRange2': '1', 'NoiseLevel': ""u'quiet'"", 'RestaurantsReservations': 'False', 'BikeParking': 'True', 'RestaurantsTakeOut': 'True', 'RestaurantsGoodForGroups': 'True', 'BusinessAcceptsCreditCards': 'True', 'OutdoorSeating': 'False', 'RestaurantsAttire': ""u'casual'"", 'HasTV': 'True', 'RestaurantsDelivery': 'False', 'GoodForMeal': ""{'dessert': False, 'latenight': False, 'lunch': True, 'dinner': True, 'brunch': False, 'breakfast': False}"", 'BusinessParking': ""{u'valet': False, u'garage': None, u'street': None, u'lot': True, u'validated': None}"", 'Ambience': ""{u'divey': None, u'hipster': None, u'casual': True, u'touristy': None, u'trendy': None, u'intimate': None, u'romantic': None, u'classy': None, u'upscale': None}"", 'GoodForKids': 'True'}","Restaurants, Chinese","{'Tuesday': '11:0-21:0', 'Wednesday': '11:0-21:0', 'Thursday': '11:0-21:0', 'Friday': '11:0-21:0', 'Saturday': '11:0-21:0', 'Sunday': '12:0-21:0'}"
2wf4Vkz9ZEh9-TJaL2d5-g,Mandarin Express,"500 Port Of New Orleans, Ste 234",New Orleans,LA,70130,29.944324,-90.062187,1.5,19,1,"{'RestaurantsReservations': 'False', 'GoodForKids': 'True', 'GoodForMeal': ""{'dessert': False, 'latenight': False, 'lunch': False, 'dinner': False, 'brunch': False, 'breakfast': False}"", 'RestaurantsPriceRange2': '1', 'BusinessAcceptsCreditCards': 'True', 'BikeParking': 'True', 'RestaurantsTakeOut': 'True', 'RestaurantsGoodForGroups': 'True', 'RestaurantsDelivery': 'True', 'OutdoorSeating': 'True', 'RestaurantsAttire': ""'casual'"", 'HasTV': 'True', 'Ambience': ""{'touristy': False, 'hipster': False, 'romantic': False, 'divey': False, 'intimate': False, 'trendy': False, 'upscale': False, 'classy': False, 'casual': False}""}","Food Court, Chinese, Restaurants","{'Monday': '10:0-21:0', 'Tuesday': '10:0-21:0', 'Wednesday': '10:0-21:0', 'Thursday': '10:0-21:0', 'Friday': '10:0-21:0', 'Saturday': '10:0-21:0', 'Sunday': '10:0-19:0'}"
HnZW9u82RqhyFuxIuDQfYg,Oriental Triangle Chinese,4808 Jefferson Hwy,New Orleans,LA,70121,29.9560503,-90.1769075,3.0,50,1,"{'BusinessAcceptsCreditCards': 'True', 'RestaurantsDelivery': 'True', 'RestaurantsTakeOut': 'True'}","Chinese, Caterers, Event Planning & Services, Restaurants","{'Monday': '11:0-22:0', 'Tuesday': '11:0-22:0', 'Wednesday': '11:0-22:0', 'Thursday': '11:0-22:0', 'Friday': '11:0-22:0', 'Saturday': '11:30-22:0'}"
8xNg18Pwa-_YydDF7gkUhw,Great Wok,1554 Mirabeau Ave,New Orleans,LA,70122,30.0069768,-90.0760089,3.5,56,1,"{'BikeParking': 'False', 'BusinessAcceptsCreditCards': 'True', 'RestaurantsTakeOut': 'True', 'NoiseLevel': ""u'quiet'"", 'RestaurantsDelivery': 'True', 'GoodForKids': 'True', 'Alcohol': ""u'none'"", 'RestaurantsAttire': ""'casual'"", 'Caters': 'False', 'RestaurantsGoodForGroups': 'False', 'RestaurantsPriceRange2': '1', 'RestaurantsReservations': 'False', 'OutdoorSeating': 'False', 'GoodForMeal': ""{'dessert': False, 'latenight': False, 'lunch': True, 'dinner': False, 'brunch': False, 'breakfast': False}"", 'HasTV': 'True', 'WiFi': ""u'no'"", 'BusinessParking': ""{u'valet': False, u'garage': None, u'street': None, u'lot': True, u'validated': None}"", 'Ambience': ""{u'divey': None, u'hipster': False, u'casual': None, u'touristy': None, u'trendy': None, u'intimate': False, u'romantic': None, u'classy': None, u'upscale': None}""}","Chinese, Restaurants","{'Monday': '10:30-22:0', 'Tuesday': '10:30-22:0', 'Wednesday': '10:30-22:0', 'Thursday': '10:30-22:0', 'Friday': '10:30-22:0', 'Saturday': '10:30-22:0', 'Sunday': '11:0-22:0'}"
MJ3ePnHQO23sqwSdXXDscw,China Kitchen,"700 Terry Pkwy, Ste A",New Orleans,LA,70056,29.9002299,-90.0311416,4.0,37,1,"{'RestaurantsGoodForGroups': 'True', 'BusinessAcceptsCreditCards': 'True', 'RestaurantsPriceRange2': '1', 'NoiseLevel': ""'average'"", 'Alcohol': ""'none'"", 'GoodForMeal': ""{'dessert': False, 'latenight': False, 'lunch': False, 'dinner': False, 'brunch': False, 'breakfast': False}"", 'OutdoorSeating': 'False', 'BikeParking': 'True', 'HasTV': 'True', 'RestaurantsAttire': ""'casual'"", 'RestaurantsReservations': 'False', 'BusinessParking': ""{'garage': False, 'street': False, 'validated': False, 'lot': False, 'valet': False}"", 'RestaurantsDelivery': 'True', 'Ambience': ""{'touristy': False, 'hipster': False, 'romantic': False, 'divey': False, 'intimate': False, 'trendy': False, 'upscale': False, 'classy': False, 'casual': False}"", 'GoodForKids': 'True', 'RestaurantsTakeOut': 'True'}","Restaurants, Chinese","{'Monday': '11:0-22:0', 'Tuesday': '11:0-22:0', 'Wednesday': '11:0-22:0', 'Thursday': '11:0-22:0', 'Friday': '11:0-22:0', 'Saturday': '11:0-22:0', 'Sunday': '11:0-22:0'}"
x4K6aMaOYvGhC5jhFJP2Ag,Pho Tau Bay Restaurant,1565 Tulane Ave,New Orleans,LA,70112,29.9562764733,-90.0789572114,4.0,348,1,"{'GoodForKids': 'True', 'RestaurantsGoodForGroups': 'True', 'Caters': 'False', 'OutdoorSeating': 'False', 'RestaurantsAttire': ""u'casual'"", 'RestaurantsPriceRange2': '1', 'RestaurantsTakeOut': 'True', 'BusinessAcceptsCreditCards': 'True', 'NoiseLevel': ""u'average'"", 'BikeParking': 'True', 'WiFi': ""u'no'"", 'Ambience': ""{'romantic': False, 'intimate': False, 'touristy': False, 'hipster': False, 'divey': False, 'classy': False, 'trendy': False, 'upscale': False, 'casual': True}"", 'RestaurantsReservations': 'False', 'Alcohol': ""u'none'"", 'HasTV': 'True', 'GoodForMeal': ""{'dessert': False, 'latenight': False, 'lunch': True, 'dinner': True, 'brunch': False, 'breakfast': False}"", 'RestaurantsTableService': 'False', 'BusinessParking': ""{'garage': False, 'street': True, 'validated': False, 'lot': True, 'valet': False}"", 'RestaurantsDelivery': 'None'}","Restaurants, Event Planning & Services, Chinese, Caterers, Vietnamese, Breakfast & Brunch","{'Monday': '10:0-19:0', 'Tuesday': '10:0-19:0', 'Wednesday': '10:0-19:0', 'Thursday': '10:0-19:0', 'Friday': '10:0-19:0'}"
SG0M72lCjRkxn_bD7YH34Q,Lucky Jean Seafood,6746 Chef Menteur Hwy,New Orleans,LA,70126,30.0109356,-90.0092708,3.5,24,1,"{'RestaurantsPriceRange2': '1', 'GoodForKids': 'True', 'WiFi': ""u'no'"", 'HasTV': 'True', 'RestaurantsAttire': ""'casual'"", 'Alcohol': ""'none'"", 'BusinessAcceptsBitcoin': 'False', 'RestaurantsTableService': 'False', 'BikeParking': 'False', 'OutdoorSeating': 'False', 'GoodForMeal': ""{'dessert': False, 'latenight': False, 'lunch': False, 'dinner': False, 'brunch': False, 'breakfast': False}"", 'Ambience': ""{'touristy': False, 'hipster': False, 'romantic': False, 'divey': False, 'intimate': False, 'trendy': False, 'upscale': False, 'classy': False, 'casual': False}"", 'BusinessAcceptsCreditCards': 'True', 'RestaurantsDelivery': 'False', 'RestaurantsGoodForGroups': 'True', 'RestaurantsReservations': 'False', 'BusinessParking': ""{'garage': False, 'street': False, 'validated': False, 'lot': True, 'valet': False}"", 'WheelchairAccessible': 'True', 'BYOB': 'True', 'DogsAllowed': 'False', 'HappyHour': 'False', 'RestaurantsTakeOut': 'True', 'Caters': 'False'}","Sandwiches, Seafood, Restaurants, Chinese","{'Monday': '0:0-0:0', 'Tuesday': '10:0-20:0', 'Wednesday': '10:0-20:0', 'Thursday': '10:0-20:0', 'Friday': '10:0-18:0'}"
lFbBGVLlljaggRLlg3xY3g,Mister Mao,4501 Tchoupitoulas St,New Orleans,LA,70115,29.9172216521,-90.102451183,4.5,29,1,"{'RestaurantsTableService': 'True', 'Ambience': ""{u'divey': None, u'hipster': None, u'casual': None, u'touristy': None, u'trendy': True, u'intimate': None, u'romantic': None, u'classy': None, u'upscale': None}"", 'BusinessParking': ""{u'valet': False, u'garage': None, u'street': None, u'lot': False, u'validated': None}""}","Chinese, Restaurants, Asian Fusion","{'Monday': '17:0-21:0', 'Thursday': '17:0-22:0', 'Friday': '17:0-22:0', 'Saturday': '17:0-22:0', 'Sunday': '11:0-15:0'}"
MiTuey9Pdc2haG9KQgmU7Q,Moon Wok,800 Dauphine St,New Orleans,LA,70116,29.9601025,-90.0656078,3.5,137,1,"{'GoodForKids': 'True', 'RestaurantsTakeOut': 'True', 'RestaurantsGoodForGroups': 'True', 'HasTV': 'True', 'RestaurantsReservations': 'False', 'BusinessAcceptsCreditCards': 'True', 'Caters': 'False', 'WiFi': ""u'no'"", 'BikeParking': 'True', 'BusinessParking': ""{'garage': False, 'street': True, 'validated': False, 'lot': False, 'valet': False}"", 'Alcohol': ""u'none'"", 'OutdoorSeating': 'False', 'Ambience': ""{'touristy': False, 'hipster': False, 'romantic': False, 'divey': True, 'intimate': False, 'trendy': False, 'upscale': False, 'classy': False, 'casual': True}"", 'NoiseLevel': ""u'average'"", 'GoodForMeal': ""{'dessert': False, 'latenight': False, 'lunch': True, 'dinner': True, 'brunch': False, 'breakfast': False}"", 'RestaurantsTableService': 'True', 'RestaurantsPriceRange2': '1', 'WheelchairAccessible': 'False', 'DogsAllowed': 'False', 'RestaurantsAttire': ""u'casual'"", 'BusinessAcceptsBitcoin': 'False', 'HappyHour': 'False', 'RestaurantsDelivery': 'False'}","Chinese, Restaurants, Vietnamese","{'Monday': '11:0-18:45', 'Tuesday': '11:0-18:45', 'Thursday': '11:0-18:45', 'Friday': '11:0-18:45', 'Saturday': '11:0-18:45', 'Sunday': '11:0-18:45'}"
cJyQrgGznIyz8yvyeuaRyg,Bao & Noodle,2266 Saint Claude Ave,New Orleans,LA,70117,29.9685796,-90.0548755,4.0,196,1,"{'RestaurantsAttire': ""u'casual'"", 'GoodForKids': 'True', 'RestaurantsDelivery': 'True', 'BikeParking': 'True', 'RestaurantsGoodForGroups': 'True', 'RestaurantsTableService': 'True', 'BusinessParking': ""{'garage': False, 'street': True, 'validated': False, 'lot': False, 'valet': False}"", 'Alcohol': ""u'none'"", 'GoodForMeal': ""{'dessert': False, 'latenight': False, 'lunch': True, 'dinner': True, 'brunch': False, 'breakfast': False}"", 'BusinessAcceptsCreditCards': 'True', 'RestaurantsPriceRange2': '2', 'RestaurantsReservations': 'False', 'HasTV': 'True', 'Caters': 'True', 'Ambience': ""{'touristy': False, 'hipster': False, 'romantic': False, 'divey': False, 'intimate': False, 'trendy': False, 'upscale': False, 'classy': True, 'casual': True}"", 'WiFi': ""'no'"", 'NoiseLevel': ""u'average'"", 'HappyHour': 'False', 'DogsAllowed': 'False', 'RestaurantsTakeOut': 'True', 'OutdoorSeating': 'None'}","Noodles, Chinese, Restaurants","{'Tuesday': '17:0-22:0', 'Wednesday': '17:0-22:0', 'Thursday': '17:0-22:0', 'Friday': '17:0-22:0', 'Saturday': '17:0-22:0'}"
w5gg-e5tYb09iUXZdZgZ-Q,Orchid Seafood,1201 N Broad St,New Orleans,LA,70119,29.9752983,-90.0792518,4.5,30,1,"{'RestaurantsPriceRange2': '1', 'BusinessAcceptsCreditCards': 'True', 'BikeParking': 'True', 'WiFi': ""'no'"", 'HasTV': 'True', 'RestaurantsAttire': ""'casual'"", 'RestaurantsTakeOut': 'True', 'NoiseLevel': ""u'loud'"", 'RestaurantsDelivery': 'False', 'OutdoorSeating': 'False', 'GoodForKids': 'True', 'Alcohol': ""'none'"", 'Ambience': ""{u'divey': None, u'hipster': None, u'casual': None, u'touristy': False, u'trendy': False, u'intimate': None, u'romantic': False, u'classy': False, u'upscale': None}"", 'RestaurantsGoodForGroups': 'False', 'Caters': 'True', 'RestaurantsReservations': 'False', 'BusinessParking': ""{'garage': False, 'street': True, 'validated': False, 'lot': True, 'valet': False}""}","Specialty Food, Chinese, Food, American (Traditional), Seafood Markets, Cajun/Creole, Restaurants, Seafood","{'Monday': '10:30-19:0', 'Tuesday': '10:30-19:0', 'Wednesday': '10:30-19:0', 'Thursday': '10:30-19:0', 'Friday': '10:30-19:0', 'Saturday': '10:30-18:0'}"
I6AzZdywixry7O-c0GXDEQ,Chinese Tea Garden,5226 Elysian Fields Ave,New Orleans,LA,70122,30.0120275,-90.0606917,3.0,68,1,"{'NoiseLevel': ""u'average'"", 'RestaurantsGoodForGroups': 'True', 'RestaurantsAttire': ""'casual'"", 'GoodForKids': 'True', 'Caters': 'False', 'HasTV': 'True', 'RestaurantsReservations': 'False', 'OutdoorSeating': 'False', 'RestaurantsPriceRange2': '1', 'BusinessAcceptsCreditCards': 'True', 'WiFi': ""'no'"", 'BikeParking': 'False', 'Alcohol': ""u'full_bar'"", 'RestaurantsTakeOut': 'True', 'GoodForMeal': ""{'dessert': False, 'latenight': False, 'lunch': True, 'dinner': True, 'brunch': False, 'breakfast': False}"", 'RestaurantsDelivery': 'False', 'Ambience': ""{'touristy': False, 'hipster': False, 'romantic': False, 'divey': None, 'intimate': False, 'trendy': False, 'upscale': False, 'classy': False, 'casual': True}"", 'BusinessParking': ""{'garage': False, 'street': None, 'validated': False, 'lot': True, 'valet': False}""}","Chinese, Restaurants","{'Monday': '11:0-22:0', 'Tuesday': '11:0-22:0', 'Wednesday': '11:0-22:0', 'Thursday': '11:0-22:0', 'Friday': '11:0-22:0', 'Saturday': '11:0-22:0'}"
w5NKxEWXZnAbIT-FfBv0Bw,Yummy Yummy Chinese Restaurant,220 N Carrollton Ave,New Orleans,LA,70119,29.9755796,-90.0989992,3.0,85,1,"{'OutdoorSeating': 'False', 'RestaurantsAttire': ""u'casual'"", 'RestaurantsGoodForGroups': 'True', 'RestaurantsDelivery': 'True', 'RestaurantsTakeOut': 'True', 'Alcohol': ""u'none'"", 'BikeParking': 'True', 'NoiseLevel': ""u'quiet'"", 'RestaurantsReservations': 'False', 'HasTV': 'False', 'BusinessAcceptsCreditCards': 'True', 'GoodForKids': 'True', 'RestaurantsPriceRange2': '1', 'WiFi': ""u'no'"", 'BusinessParking': ""{'garage': False, 'street': True, 'validated': False, 'lot': False, 'valet': False}"", 'Caters': 'False', 'GoodForMeal': ""{u'breakfast': False, u'brunch': False, u'lunch': True, u'dinner': True, u'latenight': False, u'dessert': False}"", 'Ambience': ""{u'divey': None, u'hipster': False, u'casual': True, u'touristy': False, u'trendy': False, u'intimate': False, u'romantic': False, u'classy': False, u'upscale': False}""}","Chinese, Restaurants","{'Monday': '10:30-22:0', 'Tuesday': '10:30-22:0', 'Wednesday': '10:30-22:0', 'Thursday': '10:30-22:0', 'Friday': '10:30-22:30', 'Saturday': '10:30-22:30', 'Sunday': '11:0-22:0'}"
drjkRW6oC2Fulpr9KaYWEg,New China,1885 Rousseau St,New Orleans,LA,70130,29.927498,-90.0693325,4.0,101,1,"{'RestaurantsTakeOut': 'True', 'BusinessAcceptsCreditCards': 'True', 'RestaurantsDelivery': 'True', 'Alcohol': ""u'none'"", 'RestaurantsPriceRange2': '1', 'NoiseLevel': ""'quiet'"", 'HasTV': 'True', 'WiFi': ""u'free'"", 'RestaurantsAttire': ""'casual'"", 'GoodForKids': 'True', 'OutdoorSeating': 'False', 'GoodForMeal': ""{'dessert': False, 'latenight': False, 'lunch': True, 'dinner': True, 'brunch': False, 'breakfast': False}"", 'BusinessParking': ""{'garage': False, 'street': False, 'validated': False, 'lot': True, 'valet': False}"", 'RestaurantsReservations': 'False', 'Ambience': ""{'touristy': False, 'hipster': None, 'romantic': False, 'divey': False, 'intimate': None, 'trendy': False, 'upscale': False, 'classy': False, 'casual': True}"", 'RestaurantsGoodForGroups': 'True', 'Caters': 'True', 'BikeParking': 'True'}","Chinese, Food, Restaurants","{'Monday': '10:30-21:0', 'Tuesday': '10:30-21:0', 'Wednesday': '10:30-21:0', 'Thursday': '10:30-21:0', 'Friday': '10:30-21:0', 'Sunday': '10:30-21:0'}"
43cADIQXfG3hDwuvLT78rg,St. Charles Noodle,"201 St Charles Ave, Ste 214",New Orleans,LA,70170,29.9517246,-90.0704988,4.0,25,1,"{'RestaurantsGoodForGroups': 'True', 'RestaurantsAttire': ""'casual'"", 'BusinessParking': ""{'garage': True, 'street': True, 'validated': False, 'lot': False, 'valet': False}"", 'OutdoorSeating': 'True', 'WiFi': ""u'free'"", 'WheelchairAccessible': 'True', 'RestaurantsPriceRange2': '1', 'BusinessAcceptsCreditCards': 'True', 'RestaurantsTakeOut': 'True', 'Alcohol': ""u'none'"", 'HasTV': 'False', 'BikeParking': 'True', 'Ambience': ""{'touristy': False, 'hipster': False, 'romantic': False, 'divey': False, 'intimate': False, 'trendy': False, 'upscale': False, 'classy': False, 'casual': False}"", 'RestaurantsDelivery': 'False', 'Caters': 'False', 'RestaurantsReservations': 'False', 'NoiseLevel': ""'average'"", 'GoodForMeal': ""{'dessert': False, 'latenight': False, 'lunch': False, 'dinner': False, 'brunch': False, 'breakfast': False}"", 'GoodForKids': 'True'}","Restaurants, Vietnamese, Asian Fusion, Chinese, Salad, Noodles","{'Monday': '0:0-0:0', 'Tuesday': '11:0-14:0', 'Wednesday': '11:0-14:0', 'Thursday': '11:0-14:0', 'Friday': '11:0-14:0'}"
5xRmemqmR89BpGoOA25hqA,Dian Xin,1218 Decatur St,New Orleans,LA,70116,29.961033,-90.058881,4.5,389,1,"{'RestaurantsAttire': ""u'casual'"", 'Caters': 'False', 'RestaurantsReservations': 'False', 'WiFi': ""u'no'"", 'HasTV': 'True', 'BusinessAcceptsBitcoin': 'False', 'GoodForMeal': ""{'dessert': None, 'latenight': None, 'lunch': True, 'dinner': True, 'brunch': True, 'breakfast': None}"", 'RestaurantsTableService': 'True', 'BusinessParking': ""{'garage': False, 'street': True, 'validated': False, 'lot': False, 'valet': False}"", 'BYOB': 'False', 'WheelchairAccessible': 'True', 'Corkage': 'True', 'DogsAllowed': 'False', 'RestaurantsTakeOut': 'True', 'RestaurantsDelivery': 'False', 'RestaurantsGoodForGroups': 'True', 'GoodForKids': 'True', 'HappyHour': 'False', 'Alcohol': ""u'beer_and_wine'"", 'RestaurantsPriceRange2': '2', 'BusinessAcceptsCreditCards': 'True', 'NoiseLevel': ""u'average'"", 'OutdoorSeating': 'False', 'BikeParking': 'False', 'Ambience': ""{u'divey': False, u'hipster': None, u'casual': True, u'touristy': False, u'trendy': True, u'intimate': None, u'romantic': None, u'classy': False, u'upscale': False}""}","Dim Sum, Chinese, Restaurants","{'Monday': '0:0-0:0', 'Tuesday': '11:0-21:0', 'Wednesday': '11:0-21:0', 'Thursday': '11:0-21:0', 'Friday': '11:0-22:0', 'Saturday': '11:0-22:0', 'Sunday': '11:0-21:0'}"
_9NKC0LTGR8RSRTSdcwyvw,Capt. Sal's Seafood & Chicken,3168 Saint Claude Ave,New Orleans,LA,70117,29.967048,-90.0426806,4.0,56,1,"{'Alcohol': ""'none'"", 'BusinessParking': ""{'garage': False, 'street': True, 'validated': False, 'lot': False, 'valet': False}"", 'NoiseLevel': ""'average'"", 'RestaurantsTakeOut': 'True', 'Caters': 'False', 'RestaurantsGoodForGroups': 'True', 'OutdoorSeating': 'False', 'RestaurantsReservations': 'False', 'GoodForKids': 'True', 'BikeParking': 'True', 'BusinessAcceptsCreditCards': 'True', 'RestaurantsPriceRange2': '1', 'RestaurantsDelivery': 'False', 'RestaurantsAttire': ""'casual'"", 'WiFi': ""'no'"", 'HasTV': 'True', 'Ambience': ""{'touristy': False, 'hipster': False, 'romantic': False, 'divey': None, 'intimate': False, 'trendy': False, 'upscale': False, 'classy': False, 'casual': True}"", 'GoodForMeal': ""{'dessert': False, 'latenight': False, 'lunch': True, 'dinner': True, 'brunch': False, 'breakfast': False}""}","Restaurants, Chicken Wings, Sandwiches, Seafood, Fast Food, Chinese, Cajun/Creole","{'Monday': '10:0-20:0', 'Tuesday': '10:0-20:0', 'Wednesday': '10:0-20:0', 'Thursday': '10:0-20:0', 'Friday': '10:0-21:0', 'Saturday': '10:0-21:0', 'Sunday': '10:0-20:0'}"
j6I_2GtM3PBLHSdl-fOgrA,Piscobar Kitchen,914 Union St,New Orleans,LA,70119,29.9518878494,-90.0731401137,3.5,29,1,"{'HasTV': 'False', 'RestaurantsTableService': 'False', 'BikeParking': 'True', 'OutdoorSeating': 'True', 'RestaurantsGoodForGroups': 'False', 'Alcohol': ""u'full_bar'"", 'RestaurantsReservations': 'False', 'WiFi': ""u'free'"", 'DogsAllowed': 'True', 'RestaurantsTakeOut': 'True', 'BusinessAcceptsBitcoin': 'False', 'Ambience': ""{'touristy': None, 'hipster': None, 'romantic': None, 'divey': None, 'intimate': None, 'trendy': None, 'upscale': None, 'classy': None, 'casual': True}"", 'BusinessParking': ""{'garage': False, 'street': False, 'validated': False, 'lot': False, 'valet': False}"", 'HappyHour': 'True', 'WheelchairAccessible': 'True', 'Caters': 'False', 'GoodForMeal': ""{'dessert': False, 'latenight': False, 'lunch': False, 'dinner': False, 'brunch': False, 'breakfast': False}"", 'BusinessAcceptsCreditCards': 'True', 'GoodForKids': 'False', 'RestaurantsDelivery': 'True'}","Dim Sum, Restaurants, Pop-Up Restaurants, Szechuan, Taiwanese, Chinese, Vegan, Noodles","{'Monday': '16:0-22:0', 'Tuesday': '16:0-22:0', 'Wednesday': '16:0-22:0', 'Thursday': '16:0-22:0', 'Friday': '16:0-22:0', 'Saturday': '16:0-22:0', 'Sunday': '16:0-22:0'}"
LwBLK_hNI72tZYzuhYp0eQ,Zhang Bistro,1141 Decatur St,New Orleans,LA,70116,29.9606831671,-90.0593876919,4.5,50,1,"{'BusinessParking': ""{u'valet': False, u'garage': None, u'street': True, u'lot': None, u'validated': None}"", 'OutdoorSeating': 'False', 'RestaurantsPriceRange2': '2', 'RestaurantsTableService': 'True', 'Ambience': ""{u'divey': False, u'hipster': False, u'casual': False, u'touristy': False, u'trendy': False, u'intimate': False, u'romantic': False, u'classy': True, u'upscale': False}""}","Chinese, Thai, Restaurants","{'Monday': '11:30-22:0', 'Tuesday': '11:30-22:0', 'Wednesday': '11:30-22:0', 'Thursday': '11:30-22:0', 'Friday': '12:0-23:0', 'Saturday': '12:0-23:0', 'Sunday': '12:0-22:0'}"
PcAMh9bjVHVB2dscm1F4FQ,China Orchid Restaurant,704 S Carrollton Ave,New Orleans,LA,70118,29.9442743546,-90.1337329369,3.0,121,1,"{'BusinessAcceptsCreditCards': 'True', 'Caters': 'True', 'HasTV': 'True', 'Alcohol': ""u'full_bar'"", 'BikeParking': 'True', 'RestaurantsTakeOut': 'True', 'RestaurantsPriceRange2': '2', 'NoiseLevel': ""u'quiet'"", 'RestaurantsAttire': ""u'casual'"", 'OutdoorSeating': 'False', 'GoodForKids': 'True', 'WiFi': ""u'no'"", 'RestaurantsDelivery': 'True', 'RestaurantsGoodForGroups': 'True', 'BusinessParking': ""{'garage': False, 'street': False, 'validated': False, 'lot': True, 'valet': False}"", 'RestaurantsReservations': 'True', 'Ambience': ""{u'divey': False, u'hipster': False, u'casual': True, u'touristy': False, u'trendy': False, u'intimate': None, u'romantic': False, u'classy': False, u'upscale': False}"", 'GoodForMeal': ""{'dessert': False, 'latenight': False, 'lunch': True, 'dinner': True, 'brunch': False, 'breakfast': False}""}","Asian Fusion, Restaurants, Chinese","{'Monday': '11:0-21:0', 'Tuesday': '11:0-21:0', 'Wednesday': '11:0-21:0', 'Thursday': '11:0-21:0', 'Friday': '11:0-21:0', 'Saturday': '11:0-21:0', 'Sunday': '12:0-21:0'}"
17Pvr_u1h4EFVV94TZI6ng,Chinese Kitchen,3327 S Carrollton Ave,New Orleans,LA,70118,29.9625814,-90.1128459,3.5,151,0,"{'BusinessAcceptsCreditCards': 'True', 'RestaurantsDelivery': 'False', 'RestaurantsReservations': 'False', 'OutdoorSeating': 'False', 'RestaurantsAttire': ""u'casual'"", 'RestaurantsPriceRange2': '2', 'RestaurantsTakeOut': 'True', 'BikeParking': 'False', 'RestaurantsGoodForGroups': 'True', 'GoodForKids': 'True', 'Alcohol': ""'none'"", 'WiFi': ""u'no'"", 'NoiseLevel': ""u'average'"", 'Ambience': ""{'touristy': False, 'hipster': False, 'romantic': False, 'divey': None, 'intimate': False, 'trendy': False, 'upscale': False, 'classy': False, 'casual': True}"", 'GoodForMeal': ""{'dessert': False, 'latenight': False, 'lunch': True, 'dinner': True, 'brunch': False, 'breakfast': False}"", 'BusinessParking': ""{'garage': False, 'street': True, 'validated': False, 'lot': True, 'valet': False}"", 'Caters': 'False', 'RestaurantsTableService': 'True', 'HasTV': 'True'}","Restaurants, Chinese","{'Monday': '11:30-21:30', 'Tuesday': '11:30-21:30', 'Wednesday': '11:30-21:30', 'Thursday': '11:30-21:30', 'Friday': '11:30-22:0', 'Saturday': '12:0-22:0'}"
z0uEdU0l5tYRgjkrzbMWVA,The Orange Store,1700 N Rampart St,New Orleans,LA,70116,29.9666536,-90.0626887,4.0,47,1,"{'BusinessParking': ""{'garage': False, 'street': True, 'validated': False, 'lot': False, 'valet': False}"", 'RestaurantsPriceRange2': '1', 'BikeParking': 'True', 'DogsAllowed': 'True', 'Ambience': ""{'touristy': False, 'hipster': False, 'romantic': False, 'divey': False, 'intimate': False, 'trendy': False, 'upscale': False, 'classy': False, 'casual': False}"", 'Caters': 'True', 'RestaurantsTakeOut': 'True', 'BusinessAcceptsCreditCards': 'True', 'RestaurantsDelivery': 'True'}","Food, Convenience Stores, Chinese, Restaurants, Grocery","{'Monday': '0:0-0:0', 'Tuesday': '0:0-0:0', 'Wednesday': '0:0-0:0', 'Thursday': '0:0-0:0', 'Friday': '0:0-0:0', 'Saturday': '0:0-0:0', 'Sunday': '0:0-0:0'}"
G5Eq92IZ-GRWFGnUdLQvsw,Red Apple,1611 Franklin Ave,New Orleans,LA,70117,29.9744407,-90.0482799,4.0,26,0,"{'BusinessParking': ""{'garage': False, 'street': True, 'validated': False, 'lot': True, 'valet': False}"", 'Caters': 'False', 'NoiseLevel': ""u'quiet'"", 'Ambience': ""{'romantic': False, 'intimate': False, 'classy': False, 'hipster': False, 'divey': True, 'touristy': False, 'trendy': False, 'upscale': False, 'casual': False}"", 'WiFi': ""u'no'"", 'RestaurantsReservations': 'False', 'GoodForKids': 'True', 'RestaurantsPriceRange2': '1', 'BusinessAcceptsCreditCards': 'True', 'HasTV': 'False', 'RestaurantsAttire': ""u'casual'"", 'RestaurantsGoodForGroups': 'False', 'RestaurantsDelivery': 'False', 'BikeParking': 'True', 'BusinessAcceptsBitcoin': 'False', 'RestaurantsTableService': 'False', 'RestaurantsTakeOut': 'True', 'WheelchairAccessible': 'True', 'OutdoorSeating': 'False', 'HappyHour': 'False', 'Alcohol': ""u'none'"", 'GoodForMeal': ""{'dessert': False, 'latenight': False, 'lunch': True, 'dinner': True, 'brunch': False, 'breakfast': False}"", 'ByAppointmentOnly': 'False', 'DogsAllowed': 'False'}","Chinese, Restaurants","{'Monday': '11:0-22:0', 'Tuesday': '11:0-22:0', 'Wednesday': '11:0-22:0', 'Thursday': '11:0-22:0', 'Friday': '11:0-22:30', 'Saturday': '11:0-22:0', 'Sunday': '12:0-22:0'}"
PRvQ93z0s007nlZGFfLe-w,Lan's Seafood Poboy,3518 Kabel Dr,New Orleans,LA,70131,29.9179228,-90.0078811,3.5,8,0,"{'BusinessAcceptsCreditCards': 'True', 'RestaurantsTakeOut': 'True', 'GoodForKids': 'True', 'BusinessParking': ""{'garage': False, 'street': False, 'validated': False, 'lot': False, 'valet': False}""}","Seafood, Chicken Wings, Restaurants, Chinese",
rJMMzZEUHVi4lrO-0c8OFA,Hunan Wok,2201 St Bernard Ave,New Orleans,LA,70119,29.9788914,-90.068815,4.0,50,1,"{'RestaurantsPriceRange2': '1', 'RestaurantsTakeOut': 'True', 'RestaurantsReservations': 'False', 'RestaurantsAttire': ""'casual'"", 'WheelchairAccessible': 'False', 'RestaurantsDelivery': 'True', 'RestaurantsGoodForGroups': 'True', 'Alcohol': ""u'none'"", 'GoodForMeal': ""{'dessert': False, 'latenight': False, 'lunch': False, 'dinner': False, 'brunch': False, 'breakfast': False}"", 'BusinessAcceptsCreditCards': 'True', 'GoodForKids': 'True', 'Caters': 'False', 'WiFi': ""u'no'"", 'OutdoorSeating': 'False', 'NoiseLevel': ""u'average'"", 'Ambience': ""{u'divey': None, u'hipster': False, u'casual': None, u'touristy': False, u'trendy': None, u'intimate': None, u'romantic': False, u'classy': None, u'upscale': None}"", 'BusinessParking': ""{u'valet': False, u'garage': False, u'street': True, u'lot': True, u'validated': None}"", 'HasTV': 'True'}","Restaurants, Chinese","{'Monday': '10:30-22:0', 'Tuesday': '10:30-22:0', 'Wednesday': '10:30-22:0', 'Thursday': '10:30-22:0', 'Friday': '10:30-22:30', 'Saturday': '10:30-22:30', 'Sunday': '11:0-22:0'}"
gjbmwlYUImb2lQBp5LV3KA,Maypop Restaurant,611 O'Keefe St,New Orleans,LA,70113,29.948960746,-90.0748741999,4.5,596,1,"{'BusinessParking': ""{'garage': False, 'street': True, 'validated': False, 'lot': False, 'valet': False}"", 'WiFi': ""u'free'"", 'RestaurantsGoodForGroups': 'True', 'NoiseLevel': ""u'average'"", 'BusinessAcceptsCreditCards': 'True', 'HappyHour': 'True', 'RestaurantsTakeOut': 'None', 'RestaurantsTableService': 'True', 'HasTV': 'False', 'RestaurantsPriceRange2': '2', 'GoodForKids': 'False', 'DogsAllowed': 'False', 'WheelchairAccessible': 'True', 'RestaurantsReservations': 'True', 'GoodForMeal': ""{'dessert': None, 'latenight': False, 'lunch': True, 'dinner': True, 'brunch': None, 'breakfast': False}"", 'RestaurantsDelivery': 'None', 'OutdoorSeating': 'True', 'Caters': 'True', 'Alcohol': ""u'full_bar'"", 'RestaurantsAttire': ""'casual'"", 'BikeParking': 'True', 'Ambience': ""{u'divey': False, u'hipster': None, u'casual': True, u'touristy': False, u'trendy': True, u'intimate': None, u'romantic': None, u'classy': None, u'upscale': None}""}","Chinese, Restaurants, Thai, Dim Sum, American (New)","{'Monday': '0:0-0:0', 'Thursday': '16:0-20:30', 'Friday': '16:0-21:30', 'Saturday': '17:0-21:30', 'Sunday': '17:0-23:0'}"
zecHMicDmyJ_o_Bbf6HFlw,Chun Lee Chinese Restaurant,1100 Elmwood Park Blvd,New Orleans,LA,70123,29.9614531,-90.1892599,3.0,16,0,"{'RestaurantsPriceRange2': '2', 'Ambience': ""{'romantic': False, 'intimate': False, 'touristy': False, 'hipster': False, 'divey': False, 'classy': False, 'trendy': False, 'upscale': False, 'casual': True}"", 'GoodForKids': 'True', 'RestaurantsAttire': ""u'casual'"", 'BusinessAcceptsCreditCards': 'True', 'HasTV': 'False', 'OutdoorSeating': 'False', 'BusinessParking': ""{'garage': False, 'street': False, 'validated': False, 'lot': True, 'valet': False}"", 'RestaurantsGoodForGroups': 'True', 'RestaurantsTakeOut': 'True', 'BikeParking': 'False', 'RestaurantsDelivery': 'False', 'Alcohol': ""u'full_bar'"", 'RestaurantsReservations': 'False', 'NoiseLevel': ""u'quiet'""}","Asian Fusion, Restaurants, Chinese","{'Monday': '11:0-21:0', 'Tuesday': '11:0-21:0', 'Wednesday': '11:0-21:0', 'Thursday': '11:0-21:0', 'Friday': '11:0-21:0', 'Saturday': '12:0-21:0'}"
AYYNXdF0GkzxIQ7cX9nNvw,Old Gentilly Spicy Kitchen,4058 Old Gentilly Rd,New Orleans,LA,70126,30.0022731,-90.0419513,4.0,42,1,"{'RestaurantsReservations': 'False', 'GoodForKids': 'True', 'RestaurantsAttire': ""u'casual'"", 'RestaurantsTakeOut': 'True', 'Alcohol': ""u'none'"", 'RestaurantsDelivery': 'False', 'HasTV': 'True', 'NoiseLevel': ""u'quiet'"", 'OutdoorSeating': 'False', 'RestaurantsPriceRange2': '1', 'BusinessAcceptsCreditCards': 'True', 'RestaurantsGoodForGroups': 'True', 'Caters': 'False', 'BikeParking': 'False', 'WiFi': ""u'no'"", 'BusinessParking': ""{u'valet': False, u'garage': False, u'street': None, u'lot': True, u'validated': False}"", 'Ambience': ""{u'divey': True, u'hipster': False, u'casual': True, u'touristy': False, u'trendy': None, u'intimate': None, u'romantic': False, u'classy': False, u'upscale': False}""}","Restaurants, Chinese, Soul Food","{'Monday': '11:0-19:0', 'Tuesday': '11:0-19:0', 'Wednesday': '11:0-19:0', 'Thursday': '11:0-19:0', 'Friday': '11:0-19:0'}"
sZ6ZdSNinpgOfdq0k7fJiw,Dragon King,"6221 S Claiborne Ave, Ste 102",New Orleans,LA,70125,29.946246,-90.112918,4.0,106,1,"{'RestaurantsPriceRange2': '1', 'BusinessAcceptsCreditCards': 'True', 'Ambience': ""{'romantic': False, 'intimate': False, 'touristy': False, 'hipster': False, 'divey': False, 'classy': False, 'trendy': False, 'upscale': False, 'casual': True}"", 'RestaurantsGoodForGroups': 'True', 'BusinessParking': ""{'garage': False, 'street': False, 'validated': False, 'lot': True, 'valet': False}"", 'GoodForKids': 'True', 'BikeParking': 'True', 'Alcohol': ""u'none'"", 'RestaurantsAttire': ""u'casual'"", 'RestaurantsReservations': 'False', 'WiFi': ""u'no'"", 'RestaurantsTakeOut': 'None', 'NoiseLevel': ""u'quiet'"", 'Caters': 'False', 'OutdoorSeating': 'None', 'GoodForMeal': ""{'dessert': False, 'latenight': False, 'lunch': True, 'dinner': True, 'brunch': False, 'breakfast': False}"", 'RestaurantsDelivery': 'None', 'HasTV': 'True', 'RestaurantsTableService': 'False'}","Restaurants, Chinese","{'Monday': '11:0-21:0', 'Tuesday': '11:0-21:0', 'Wednesday': '11:0-21:0', 'Thursday': '11:0-21:0', 'Friday': '11:0-21:0', 'Sunday': '12:0-21:0'}"
83RwLMs2fUnXtn51zB4kgQ,China Palace,1915 Hickory Ave,New Orleans,LA,70123,29.9662822,-90.2060953,4.5,23,1,"{'RestaurantsPriceRange2': '2', 'OutdoorSeating': 'False', 'RestaurantsGoodForGroups': 'True', 'RestaurantsTakeOut': 'True', 'RestaurantsAttire': ""'casual'"", 'BikeParking': 'False', 'GoodForKids': 'True', 'BusinessAcceptsCreditCards': 'True', 'RestaurantsReservations': 'False', 'HasTV': 'True', 'Alcohol': ""'full_bar'"", 'NoiseLevel': ""'average'"", 'Ambience': ""{'romantic': False, 'intimate': False, 'classy': False, 'hipster': False, 'divey': False, 'touristy': False, 'trendy': False, 'upscale': False, 'casual': False}"", 'GoodForMeal': ""{'dessert': False, 'latenight': False, 'lunch': False, 'dinner': False, 'brunch': False, 'breakfast': False}"", 'BusinessParking': ""{'garage': False, 'street': False, 'validated': False, 'lot': True, 'valet': False}"", 'RestaurantsDelivery': 'True'}","Restaurants, Seafood, Chinese","{'Monday': '16:30-21:30', 'Tuesday': '11:0-21:30', 'Wednesday': '11:0-21:30', 'Thursday': '11:0-21:30', 'Friday': '11:0-21:30', 'Saturday': '16:30-21:30', 'Sunday': '12:0-21:30'}"
OHoaZ5EvKMjrvbfJGThK_Q,Green Tea,3001 Napoleon Ave,New Orleans,LA,70125,29.9407065858,-90.1031626899,3.0,116,1,"{'RestaurantsTableService': 'False', 'Alcohol': ""u'none'"", 'Ambience': ""{'romantic': False, 'intimate': False, 'touristy': False, 'hipster': False, 'divey': False, 'classy': False, 'trendy': False, 'upscale': False, 'casual': True}"", 'BusinessParking': ""{'garage': False, 'street': False, 'validated': False, 'lot': True, 'valet': False}"", 'WheelchairAccessible': 'True', 'BusinessAcceptsCreditCards': 'True', 'RestaurantsReservations': 'False', 'HasTV': 'True', 'BikeParking': 'True', 'NoiseLevel': ""u'quiet'"", 'GoodForKids': 'True', 'RestaurantsDelivery': 'True', 'RestaurantsTakeOut': 'True', 'RestaurantsAttire': ""'casual'"", 'WiFi': ""'free'"", 'Caters': 'False', 'RestaurantsPriceRange2': '1', 'RestaurantsGoodForGroups': 'True', 'OutdoorSeating': 'True', 'GoodForMeal': ""{u'breakfast': False, u'brunch': False, u'lunch': True, u'dinner': True, u'latenight': None, u'dessert': False}""}","Restaurants, Chinese","{'Monday': '11:0-22:0', 'Tuesday': '11:0-22:0', 'Wednesday': '11:0-22:0', 'Thursday': '11:0-22:0', 'Friday': '11:0-23:0', 'Saturday': '11:0-23:0', 'Sunday': '12:0-22:0'}"
dJR9EPp1bpBUuegQuyrxlQ,Asian Panda,6600 Franklin Ave,New Orleans,LA,70122,30.0270380535,-90.0530380011,4.0,31,1,"{'RestaurantsTakeOut': 'True', 'GoodForKids': 'True', 'RestaurantsReservations': 'False', 'OutdoorSeating': 'False', 'WiFi': ""'free'"", 'RestaurantsGoodForGroups': 'True', 'RestaurantsAttire': ""'casual'"", 'HasTV': 'True', 'NoiseLevel': ""u'quiet'"", 'Alcohol': ""'none'"", 'BikeParking': 'True', 'BusinessAcceptsCreditCards': 'True', 'RestaurantsDelivery': 'True', 'Ambience': ""{u'divey': None, u'hipster': False, u'casual': None, u'touristy': None, u'trendy': None, u'intimate': False, u'romantic': False, u'classy': False, u'upscale': None}"", 'GoodForMeal': ""{u'breakfast': None, u'brunch': False, u'lunch': True, u'dinner': None, u'latenight': None, u'dessert': None}"", 'BusinessParking': ""{u'valet': False, u'garage': False, u'street': None, u'lot': True, u'validated': None}"", 'RestaurantsTableService': 'False', 'RestaurantsPriceRange2': '2'}","Food, Restaurants, Chinese","{'Monday': '0:0-0:0', 'Tuesday': '11:0-22:0', 'Wednesday': '11:0-22:0', 'Thursday': '11:0-22:0', 'Friday': '11:0-22:0', 'Saturday': '11:0-22:0'}"
hRRY31tNRkFBPomU7pDiLQ,Today's Cajun Seafood,1700 St Claude Ave,New Orleans,LA,70116,29.9673275077,-90.0619724393,4.0,150,1,"{'RestaurantsAttire': ""'casual'"", 'WiFi': ""'no'"", 'RestaurantsReservations': 'False', 'RestaurantsGoodForGroups': 'True', 'RestaurantsTakeOut': 'True', 'BusinessAcceptsCreditCards': 'True', 'Caters': 'True', 'RestaurantsTableService': 'False', 'Alcohol': ""'none'"", 'Ambience': ""{u'divey': None, u'hipster': False, u'casual': True, u'touristy': False, u'trendy': None, u'intimate': False, u'romantic': False, u'classy': False, u'upscale': False}"", 'GoodForKids': 'True', 'HasTV': 'True', 'BikeParking': 'True', 'RestaurantsPriceRange2': '2', 'GoodForMeal': ""{u'breakfast': None, u'brunch': None, u'lunch': True, u'dinner': True, u'latenight': None, u'dessert': False}"", 'OutdoorSeating': 'False', 'BusinessParking': ""{u'valet': False, u'garage': None, u'street': True, u'lot': True, u'validated': None}"", 'RestaurantsDelivery': 'None', 'NoiseLevel': ""u'average'"", 'WheelchairAccessible': 'True'}","Seafood, Cajun/Creole, Chinese, Restaurants","{'Monday': '9:0-21:0', 'Tuesday': '9:0-21:0', 'Wednesday': '9:0-21:0', 'Thursday': '9:0-21:0', 'Friday': '9:0-21:0', 'Saturday': '9:0-21:0', 'Sunday': '9:0-21:0'}"
tN-cmeSaTi8-_4qvhuFDng,Golden Wall,914 Canal St,New Orleans,LA,70112,29.9544077,-90.0715197,3.0,128,1,"{'Alcohol': ""u'none'"", 'GoodForKids': 'True', 'RestaurantsDelivery': 'True', 'NoiseLevel': ""u'average'"", 'OutdoorSeating': 'False', 'RestaurantsTakeOut': 'True', 'BusinessAcceptsCreditCards': 'True', 'RestaurantsReservations': 'False', 'BusinessParking': ""{'garage': False, 'street': True, 'validated': False, 'lot': False, 'valet': False}"", 'RestaurantsGoodForGroups': 'True', 'RestaurantsAttire': ""u'casual'"", 'Caters': 'False', 'Ambience': ""{'touristy': False, 'hipster': False, 'romantic': False, 'divey': None, 'intimate': False, 'trendy': False, 'upscale': False, 'classy': False, 'casual': True}"", 'BikeParking': 'False', 'HasTV': 'True', 'GoodForMeal': ""{'dessert': False, 'latenight': False, 'lunch': True, 'dinner': True, 'brunch': False, 'breakfast': False}"", 'WiFi': ""'no'"", 'RestaurantsPriceRange2': '2', 'Corkage': 'False', 'WheelchairAccessible': 'True', 'RestaurantsTableService': 'True', 'BYOB': 'False'}","Restaurants, Chinese","{'Monday': '11:0-21:0', 'Tuesday': '11:0-21:0', 'Wednesday': '11:0-21:0', 'Thursday': '11:0-21:0', 'Friday': '11:0-21:0', 'Saturday': '11:0-21:0', 'Sunday': '11:0-21:0'}"
TDrnzaVn_JhRBishugIPmQ,Manchu Kitchen,1782 N Dorgenois St,New Orleans,LA,70119,29.9813286,-90.0710087,4.0,8,1,"{'RestaurantsDelivery': 'False', 'RestaurantsTakeOut': 'True', 'RestaurantsPriceRange2': '1', 'Caters': 'False', 'NoiseLevel': ""u'loud'"", 'GoodForKids': 'True', 'RestaurantsGoodForGroups': 'False', 'BusinessParking': ""{'garage': False, 'street': False, 'validated': False, 'lot': False, 'valet': False}"", 'Alcohol': ""u'beer_and_wine'"", 'BusinessAcceptsCreditCards': 'False', 'WiFi': ""u'no'"", 'OutdoorSeating': 'False', 'RestaurantsReservations': 'False', 'RestaurantsAttire': ""u'casual'"", 'GoodForMeal': ""{'dessert': False, 'latenight': False, 'lunch': False, 'dinner': False, 'brunch': False, 'breakfast': False}"", 'Ambience': ""{'touristy': False, 'hipster': False, 'romantic': False, 'divey': False, 'intimate': False, 'trendy': False, 'upscale': False, 'classy': False, 'casual': False}"", 'BikeParking': 'True', 'HasTV': 'True'}","Restaurants, Chinese",
xFk0apIOljR2DL5Zj-VNOA,Chinese American Cafe,1228 Jefferson Hwy,New Orleans,LA,70121,29.962097,-90.1428072,3.5,34,1,"{'GoodForMeal': ""{'dessert': False, 'latenight': False, 'lunch': False, 'dinner': False, 'brunch': False, 'breakfast': False}"", 'WiFi': ""'no'"", 'HasTV': 'True', 'RestaurantsTakeOut': 'True', 'GoodForKids': 'True', 'RestaurantsGoodForGroups': 'True', 'RestaurantsPriceRange2': '1', 'OutdoorSeating': 'False', 'RestaurantsReservations': 'False', 'RestaurantsDelivery': 'True', 'RestaurantsAttire': ""u'casual'"", 'Alcohol': ""u'none'"", 'BusinessAcceptsCreditCards': 'True', 'BusinessParking': ""{'garage': False, 'street': False, 'validated': False, 'lot': True, 'valet': False}"", 'BikeParking': 'True', 'RestaurantsTableService': 'False', 'Ambience': ""{'romantic': False, 'intimate': False, 'touristy': False, 'hipster': False, 'divey': False, 'classy': False, 'trendy': False, 'upscale': False, 'casual': False}"", 'DogsAllowed': 'False', 'Caters': 'True'}","Restaurants, Chinese","{'Monday': '11:0-21:0', 'Tuesday': '11:0-21:0', 'Wednesday': '11:0-21:0', 'Thursday': '11:0-21:0', 'Friday': '11:0-21:0', 'Saturday': '11:0-21:0'}"
DWQjNK8hXcUJztWoYDPgJA,St Vincent Supermarket,2372 Constance St,New Orleans,LA,70130,29.9271164,-90.0783815,4.5,6,0,"{'WiFi': ""'no'"", 'BusinessParking': ""{'garage': False, 'street': False, 'validated': False, 'lot': False, 'valet': False}"", 'RestaurantsTakeOut': 'True', 'RestaurantsAttire': ""'casual'"", 'GoodForKids': 'True', 'RestaurantsPriceRange2': '1', 'RestaurantsGoodForGroups': 'True', 'RestaurantsReservations': 'False', 'OutdoorSeating': 'False', 'BikeParking': 'True', 'BusinessAcceptsCreditCards': 'True', 'Ambience': ""{'touristy': False, 'hipster': False, 'romantic': False, 'divey': False, 'intimate': False, 'trendy': False, 'upscale': False, 'classy': False, 'casual': False}"", 'HasTV': 'True', 'RestaurantsDelivery': 'False'}","Food, Restaurants, Grocery, American (New), Chinese, American (Traditional), Soup, Vietnamese, Convenience Stores","{'Monday': '8:0-22:0', 'Tuesday': '8:0-22:0', 'Wednesday': '8:0-22:0', 'Thursday': '8:0-22:0', 'Friday': '8:0-22:0', 'Saturday': '8:0-22:0', 'Sunday': '8:0-22:0'}"
_eafo0pYcxOvziwR4JXj_Q,CreAsian,930 Canal St,New Orleans,LA,70112,29.9547095,-90.0717455,3.0,54,0,"{'BusinessAcceptsCreditCards': 'True', 'Alcohol': ""'none'"", 'RestaurantsTakeOut': 'True', 'BusinessParking': ""{'garage': False, 'street': False, 'validated': False, 'lot': False, 'valet': False}"", 'RestaurantsGoodForGroups': 'True', 'NoiseLevel': ""u'quiet'"", 'RestaurantsDelivery': 'True', 'OutdoorSeating': 'False', 'Caters': 'True', 'RestaurantsAttire': ""'casual'"", 'WiFi': ""'no'"", 'HasTV': 'True', 'BikeParking': 'True', 'GoodForKids': 'True', 'RestaurantsReservations': 'False', 'RestaurantsPriceRange2': '2', 'Ambience': ""{'romantic': False, 'intimate': False, 'classy': False, 'hipster': False, 'divey': True, 'touristy': False, 'trendy': False, 'upscale': False, 'casual': False}""}","Vietnamese, Restaurants, Chinese, Asian Fusion",
